{
  "settings": {
    "siteTitle": "",
    "siteSlogan": "",
    "siteIcon": "",
    "applicationPath": "",
    "maxFilters": 0
  },
  "products": [
    {
      "id": 0,
      "product_name": "",
      "product_title": "",
      "product_short_description": "",
      "product_description": "",
      "product_image": "",
      "product_image_alt": "",
      "product_weight": 0,
      "product_weight_unit": "",
      "product_price": 0,

      "product_tags": [
        ""
      ],
      "next_id": 0
    }
  ]
}